Judul,Penulis,Abstrak
[PDF][PDF] Implementasi Machine Learning pada Sistem Prediksi Kejadian dan Lokasi Patah Rel Kereta Api di Indonesia,"NN Hakim - Jurnal Sistem Cerdas, 2020 - apic.id","… masyarakat Indonesia … machine learning untuk melakukan penilaian kondisi rel. Metode 
penilaian yang dimaksud dalam penelitian ini adalah penggunaan model machine learning …"
Penerapan Teknik SMOTE untuk Mengatasi Imbalance Class dalam Klasifikasi Objektivitas Berita Online Menggunakan Algoritma KNN,"AN Kasanah, M Muladi, U Pujianto - Jurnal RESTI (Rekayasa …, 2019 - jurnal.iaii.or.id","… The algorithm proposed is K-Nearest Neighbor (KNN) … KNN algorithm without SMOTE and 
the performance of KNN … could improve the accuracy of the KNN algorithm at values k = 1 and …"
Pengembangan Sistem Informasi Akademik Berbasis Mobile Menggunakan Flutter Di Universitas Narotama Surabaya,"AP Pratama, M Kamisutara - Jurnal Ilmiah NERO, 2021 - repository.narotama.ac.id","… because by using Flutter we can make it once but can be used for mobile devices with … 
membuat aplikasi berbasis sistem operasi IOS milik Apple menggunakan framework Flutter ini. …"
Aplikasi E-Commerce Galeri Lembaga Adat Melayu Riau Berbasis Mobile Menggunakan Flutter Menerapkan Metode Waterfall,"A Wahyu, M Affandes, P Pizaini… - Journal of …, 2023 - ejurnal.seminar-id.com","… menciptakan aplikasi yang dapat dijalankan di lebih dari satu perangkat. Pada saat ini flutter 
dapat menggunakan aplikasi mobile (IOS, dan android), web, dan desktop [7] dan aplikasi …"
Perancangan Aplikasi Undangan Pernikan Online Berbasis Mobile Menggunakan Flutter,"A Sevtiana, F Cahyadi, A Setiawan - Jurnal Manajemen Sistem …, 2023 - jurnal.cic.ac.id","… dengan menggunakan aplikasi berbasis digital mobile dengan menggunakan flutter. Dan 
… sistem aplikasi undangan pernikahan berbasis digital mobile dengan menggunakan flutter …"
Penerapan Clean Architecture Dalam Membangun Aplikasi Berbasis Mobile Dengan Framework Google Flutter,"MB Sinatria, O Komarudin, K Prihandani - INFOTECH journal, 2023 - ejournal.unma.ac.id","… a mobile-based application with Flutter … mobile-based applications using Google Flutter 
framework. The method in this research uses Agile with Scrum and uses the Google Flutter …"
Pengembangan Aplikasi Mobile Tanggap Bencana Di Kab. Bengkalis Menggunakan Framework Flutter,"M Fauzi, A Teddyyana, D Enda - ZONAsi: Jurnal Sistem …, 2021 - journal.unilak.ac.id","… maka dapat disimpulkan bahwa aplikasi yang dikembangkan menggunakan Flutter pada 
penelitian ini dapat dibuat dengan waktu yang relatif singkat, apalagi aplikasi dapat dijalankan …"
Aplikasi Manajemen Inventori Berbasis Mobile Menggunakan Flutter Dan Firebase Realtime Database,"A Saputri, AM Hirzan - Jurnal Informatika dan Teknik Elektro …, 2024 - journal.eng.unila.ac.id","… Dengan pengembangan Aplikasi STOKIS menggunakan framework flutter dan firebase 
realtime database dengan metode waterfall yang telah diuji cobakan selama 15 hari dapat …"
Pengembangan Dashboard Trivy Berbasis Website Menggunakan React Js dan Golang,"AA Kroons, C Dewi - Jurnal Indonesia: Manajemen Informatika …, 2023 - journal.stmiki.ac.id","… Bagian ini membahas tentang bentuk sebuah website yang dirancang menggunakan React 
JS dan Golang. Halaman login merupakan halaman yang mengharuskan pengguna untuk …"
Teknik Single Page Application (Spa) Layout Web Dengan Menggunakan React Js Dan Bootstrap,"MF Santoso - Jurnal Khatulistiwa Informatika, 2021 - ejournal.bsi.ac.id","… ikut mempengaruhi dibidang pengembangan website. Sebuah halaman web saat ini tidak 
… Seorang web desainer dituntut tidak hanya berfokus pada layout desain melainkan harus …"
Pengembangan Sistem Informasi Pengelolaan Persediaan Barang Dengan ReactJS Dan React Native Menggunakan Prototype (Studi Kasus: Toko Uda Fajri),"FF Nursaid, AH Brata, AP Kharisma - Jurnal Pengembangan …, 2020 - j-ptiik.ub.ac.id","… merupakan kerangka kerja open source yang menggunakan library … React biasa digunakan 
untuk menangani pengembangan pada aplikasi single-page dan aplikasi mobile. ReactJS …"
Membangun Antarmuka Pengguna Menggunakan ReactJs untuk Modul Manajemen Pengguna,"SK Murti, A Sujarwo - AUTOMATA, 2021 - journal.uii.ac.id","… dari awal menggunakan ReactJs untuk standarisasi library atau pustakanya karena 
pengembangan web sebelumnya belum menggunakan ReactJs. Nantinya modul ini akan …"
"Perbandingan Metode Data Mining Untuk Prediksi Nilai Dan Waktu Kelulusan Mahasiswa Prodi Teknik Informatika Dengan Algoritma C4, 5, Naïve Bayes, Knn Dan …","S Widaningsih - Jurnal Tekno Insentif, 2019 - jurnal.lldikti4.or.id","… Tahap menggunakan model klasifikasi Pada tahap ini model diterapkan pada data yang 
belum diketahui kelasnya. Proses penerapan model klasifikasi untuk memprediksikan kelas …"
Penerapan React JS Pada Pengembangan FrontEnd Aplikasi Startup Ubaform,"L Iswari - AUTOMATA, 2021 - journal.uii.ac.id","… untuk pengembangan ubaform menggunakan React JS dengan beberapa package tambahan. 
Penggunaan package dapat mempercepat proses pengembangan pembuatan frontend …"
Pengembangan Menu Digital Menggunakan ReactJs Implementasi Hasil Belajar Studi Independen di Frontend Engineering Program Ruangguru CAMP (Career …,"K Juan, S Budi - Jurnal STRATEGI-Jurnal Maranatha, 2023 - strategi.it.maranatha.edu","… menggunakan React Js dan React Router DOM serta dengan bantuan framework CSS 
Chakra UI dapat membuat sebuah aplikasi yang responsif dan efisien dalam pengembangan …"
Rancang Bangun E-Commerce Berbasis Single Page Application (SPA) Menggunakan ReactJS,"Z Akhmad, MA Gustalika - PETIK: Jurnal …, 2022 - journal.institutpendidikan.ac.id","… aplikasi penjualan mebel berbasis website. Selanjutnya pada penelitian yang dilakukan … 
web menggunakan library React Js dan Bootstrap dalam pengembangan aplikasi web Single …"
[PDF][PDF] Implementasi Reactjs Pada Pembuatan Sistem Informasi Digital Printing Berbasis Website,"M Nuraminudin, MM Dewi, S Suharsono… - Information System …, 2023 - jurnal.amikom.ac.id","… , proses pengembangan website yang besar menjadi lebih mudah dan cepat [6]. React 
adalah pustaka untuk membangun antarmuka pengguna yang dapat disusun dan React JS …"
"Aplikasi Artificial Intelligence Untuk Mendeteksi Objek Berbasis Web Menggunakan Library Tensorflow Js, React Js Dan Coco Dataset","PD Arnesia, NA Pratama… - JSiI (Jurnal Sistem …, 2022 - e-jurnal.lppmunsera.org","… Perancangan aplikasi ini menggunakan struktur navigasi non-linier. Struktur navigasi non-linier 
merupakan struktur tidak terurut yang merupakan pengembangan dari struktur navigasi …"
[PDF][PDF] Desain sistem speech recognition penerjemah bahasa toraja menggunakan hidden markov model,"S Wahyuni, NS Layuk, RH Loly… - Jurnal Penelitian Pos …, 2021 - jurnal-ppi.kominfo.go.id","… daerah sebagai Bahasa sehari-hari mereka. Oleh karena itu, … speech recognition penerjemah 
untuk salah satu Bahasa daerah di Indonesia yaitu bahasa Toraja ke Bahasa Indonesia …"
Implementasi Speech Recognition Pada Perpustakaan SMKS Teladan Medan,"MF Saputra, MAE Nasution - Jurnal Info Digit (JID), 2024 - kti.potensi-utama.org","… Proses dalam sistem text-to-speech bahasa Indonesia meliputi dua proses yaitu proses 
pengubahan teks lisan menjadi fonem dan proses pengubahan fonem menjadi ucapan. Selain …"
Objek Deteksi Makanan Khas Palembang Menggunakan Algoritma YOLO (You Only Look Once),"L Rahma, H Syaputra, AH Mirza… - Jurnal Nasional Ilmu …, 2021 - journal.jis-institute.org","… one object detection algorithm that has a higher level of accuracy and processing speed, 
namely You Only Look Once (YOLO… to do object detection with the You Only Look Once (YOLO) …"
Penggunaan Metode YOLO Pada Deteksi Objek: Sebuah Tinjauan Literatur Sistematis,"DN Alfarizi, RA Pangestu, D Aditya… - AI dan SPK: Jurnal …, 2023 - jurnalmahasiswa.com","… literature review on object detection using the YOLO method. … regarding the YOLO method 
of object detection. This paper … Dalam penelitian ini penulis menggunakan algoritma YOLO …"
OBJECT DETECTION UNTUK MENDETEKSI CITRA BUAH-BUAHAN MENGGUNAKAN METODE YOLO,"DH Saputra, B Imran - Jurnal Kecerdasan Buatan dan …, 2023 - ojs.ninetyjournal.com","… The method that can be used for object … Once (YOLO) is a Deep Learning model that can 
be used for object recognition. This study aims to identify objects in fruit images using YOLO. …"
Klasifikasi Teks Mining Terhadap Analisa Isu Kegiatan Tenaga Lapangan Menggunakan Algoritma K-Nearest Neighbor (KNN),"N Ajijah, A Kurniawan, S Susilawati - J-SAKTI (Jurnal Sains …, 2023 - tunasbangsa.ac.id","… Pada penelitian ini mengaplikasikan tahapan penelitian CRISP-DM serta penerapan 
algoritma K-Nearest Neighbor (KNN) yang menunjukan bahwa tingkat akurasi yang dihasilkan …"
Deteksi Kematangan Buah Pepaya Menggunakan Algoritma YOLO Berbasis Android,"F Agustina, M Sukron - Jurnal Ilmiah Infokam, 2022 - amikjtc.com","… using the ability of object detection technology. Object detection or better known as object 
detection is the application of computers to detect and identify certain objects. The use of the …"
Deteksi Kendaraan Dengan Metode YOLO,"MF Arif, A Nurkholis, S Laia… - AI dan SPK: Jurnal …, 2023 - jurnalmahasiswa.com","… Dalam penelitian ini, kami menggunakan metode YOLO untuk mendeteksi … the YOLO method 
for vehicle detection in images and videos. The YOLO method implements object detection …"
Analisis Kinerja Dan Peningkatan Kecepatan Deteksi Kendaraan Dalam Sistem Pengawasan Video Dengan Metode YOLO,"T Hidayat, RF Firmansyah, M Ilham… - JRIIN: Jurnal Riset …, 2023 - jurnalmahasiswa.com","… Penelitian ini menggunakan pendekatan kualitatif dan tinjauan pustaka … detection. The 
conclusion of this research is that the YOLO method is an effective method in object detection and …"
Identifikasi Kendaraan Bermotor pada Dashcam Mobil Menggunakan Algoritma YOLO,"F Ramadhani, A Satria, S Dewi - Hello World Jurnal Ilmu …, 2024 - jurnal.ilmubersama.com","… pada gambar 10 dan 11, dimana pada gambar 10 sistem sudah bisa mengidentifikasi 
objek berupa mobil dan pada gambar 10 bisa dilihat nilai dari akurasi dari object detection. …"
PENDETEKSIAN OBJEK MENGGUNAKAN OPENCV DAN METODE YOLOv4-TINY UNTUK MEMBANTU TUNANETRA,"RM Yusup, AF Anugrah, DD Muslimah… - Journal of Computer …, 2024 - journal.ppmi.web.id","… Tiny-YOLO menggunakan lapisan pooling dan mereduksi ukuran gambar untuk lapisan 
konvolusi, … Object detection from UAV thermal infrared images and videos using YOLO models."" …"
Optimasi Deteksi Objek Dengan Segmentasi dan Data Augmentasi Pada Hewan Siput Beracun Menggunakan Algoritma You Only Look Once (YOLO),"RF Putra, DI Mulyana - Jurnal JTIK (Jurnal Teknologi …, 2024 - journal.lembagakita.org","… Object detection is an important task in various popular fields such as medical diagnosis, … 
an optimized object detection model with segmentation and augmentation using the YOLO (…"
Implementasi Algoritma K-Means untuk Klasterisasi Kinerja Akademik Mahasiswa,"FNRFJ Aziz, BD Setiawan, I Arwani - … Teknologi Informasi Dan Ilmu …, 2018 - j-ptiik.ub.ac.id","… Dengan menggunakan metode k-means clustering, peneliti … menggambarkan kinerja prestasi 
akademik mahasiswa pada … kinerja akademik mahasiswa dan nilai akademis mahasiswa …"
Penerapan Metode Clustering dengan Algoritma K-Means Pada Pengelompokan Indeks Prestasi Akademik Mahasiswa,"S Suraya, M Sholeh, D Andayati - … : Sistem Komputer dan …, 2023 - jom.fti.budiluhur.ac.id","… indeks prestasi mahasiswa. Penelitian yang dilakukan bertujuan memberikan alternatif … 
prestasi akademik berdasar pada proses data mining dengan menggunakan model klasterisasi…"
Penerapan Algoritma K-Means Untuk Analisis Prestasi Akademik Mahasiswa Fakultas Ilmu Komputer Universitas Klabat,"GF Mandias, GA Sandag, S Susanti… - CogITo Smart …, 2017 - cogito.unklab.ac.id","… menggunakan algoritma data mining. Penelitian ini menggunakan algoritma K-Means dalam 
menganalisis prestasi akademik mahasiswa fakultas llmu komputer di Universitas Klabat. …"
Penerapan metode K-means untuk clustering mahasiswa berdasarkan nilai akademik dengan Weka Interface studi kasus pada jurusan Teknik Informatika UMM …,"A Asroni, R Adrian - Semesta Teknika, 2015 - journal.umy.ac.id","… Dengan prestasi yang telah diraih, maka diperlukan pola rekruitmen yang baik untuk … 
Algoritma K-Means merupakan algoritma klasterisasi yang mengelompokkan data berdasarkan …"
[PDF][PDF] Teknologi Web Crawler Sebagai Alat Pengembangan Market Segmentasi Untuk Mencapai Keunggulan Bersaing Pada E-Marketplace,"A Surahman, AF Octaniansyah… - Jurnal Komputer Dan …, 2020 - academia.edu","… e-marketplace indonesia, teknologi ini dikenal dengan nama web crawler atau web spider, 
… yang diletakan di e-marketplace Indonesia, dan menghasilkan clustering segmentasi pasar …"
Penerapan K-Means Clustering Untuk Penentuan Klasterisasi Beasiswa Bidikmisi Mahasiswa,"AE Rahayu, K Hikmah, N Yustia… - ILKOMNIKA: Journal of …, 2019 - journal.unublitar.ac.id","… Tujuan dari penelitian ini menggunakan algoritma K-means … untuk membantu klasterisasi 
pengusulan mahasiswa yang … tanggungan, dan prestasi mahasiswa di bidang akademik. Dan …"
Implementasi Data Mining Terhadap Prestasi Belajar Mahasiswa Berdasarkan Pergaulan dan Sosial Ekonomi Dengan Algoritma K-Means Clustering,"S Suliman - Jurnal Sistem Informasi dan Sistem Komputer, 2021 - neliti.com","… Algoritma K-Means Clustering dalam proses pengklasifikasian data yang berhubungan 
dengan akademik mahasiswa … Pada penelitian ini penerapan data mining menggunakan teknik …"
[PDF][PDF] Sistem Penjadwalan Perkuliahan Menggunakan Algoritma Genetika (Studi Kasus Pada Jurusan Teknologi Informasi Fakultas Teknik Universitas Tadulako),"AT Saud, DW Nugraha… - Jurnal Ilmiah Matematika …, 2017 - bestjournal.untad.ac.id","… Genetika, yaitu Algoritma yang menggunakan prinsip genetika dan seleksi alamiah dalam 
proses optimisasi … proses penjadwalan perkuliahan menggunakan algoritma genetika dimulai …"
Penerapan Algoritma Genetika dalam Optimisasi Penjadwalan Sistem Informasi Akademik,"MN Cahya, IE Maulani, I Intan… - Jurnal Sosial …, 2023 - sostech.greenvest.co.id","… penjadwalan kuliah. Namun, pengembangan program yang menggunakan algoritma 
genetika … efektivitas dan efisiensi penjadwalan kuliah dengan penerapan algoritma genetika. …"
OPTIMALISASI PENJADWALAN KULIAH MENGGUNAKAN ALGORITMA GENETIKA UNTUK MENINGKATKAN EFISIENSI JADWAL PADA PROGRAM STUDI …,"AH Nuradira, MR Anam, L Amrita… - Journal of …, 2024 - journal.unisnu.ac.id","… dan ragam mata kuliah. Penelitian ini mengusulkan penerapan algoritma genetika sebagai 
… tahap utama: pengumpulan data, penerapan algoritma genetika, dan evaluasi hasil. Data …"
Sistem informasi penjadwalan mata kuliah menggunakan algoritma genetika berbasis web,"L Paranduk, A Indriani, M Hafid… - Seminar Nasional …, 2018 - journal.uii.ac.id","… , “Optimalisasi penjadwalan audit di inspektorat daerah kabupaten cianjur menggunakan 
algoritma genetika,… Komarudin, “Optimalisasi pengantaran barang dalam perdagangan online …"
Optimalisasi Penjadwalan Karyawan Paruh Waktu Berdasarkan Nilai Fitness Terbaik Menggunakan Algoritma Genetika,"Y Pratama - Jurnal Nasional Informatika (Junif), 2021 - ejournal-ibik57.ac.id","… dan ekuitas menggunakan algoritme genetika menggunakan … nilai parameter dari algoritma 
genetika mempengaruhi hasil … membuat area pencarian algoritma genetika menjadi sempit. …"
Optimalisasi Penjadwalan Babak Penyisihan Pertandingan Sepak Bola Liga Mahasiswa Jawa Barat Menggunakan Algoritma Genetika,"EC Djamal, A Komarudin - Prosiding SENIATI, 2017 - ejournal.itn.ac.id","… dirancang sistem yang dapat mengoptimalkan penjadwalan pertandingan 42 tim yang 
terbagi dalam tiga divisi menggunakan algoritma genetik. Algoritma genetik dipilih karena dapat …"
Optimalisasi Penjadwalan Pemadaman Hotspot Kebakaran Hutan Dan Lahan Menggunakan Algoritma Genetik,"UA Ab Aziz, EC Djamal, F Renaldi - SEMNASTEKNOMEDIA …, 2017 - ojs.amikom.ac.id","… ini menggunakan Algoritma Genetik sebagai metode dalam mengoptimasi penjadwalan … 
Optimalisasi dengan Algoritma Genetika dilakukan dengan tahap pembangkitan populasi awal, …"
Penerapan sertifikat pada sistem keamanan menggunakan teknologi blockchain,"PA Sunarya - … : Manajemen, Pendidikan dan Teknologi …, 2022 - journal.pandawan.id","… Dimana penggunaan teknologi blockchain merupakan sebuah inovasi baru yang semakin 
berkembang dalam sistem keamanan data yang sesuai dengan perkembangan zaman dan …"
Ekstraksi Data Produk E-Marketplace Sebagai Strategi Pengolahan Segmentasi Pasar Menggunakan Web Crawler,"A Surahman, AF Octaviansyah… - … Jurnal Sistem Informasi, 2020 - sistemasi.ftik.unisi.ac.id","… aktivitas e-commerce di indonesia pada januari 2019 untuk … berada di e-commerce 
indonesia. Keadaan ini menimbulkan … ekstraksi data dengan web crawler untuk menyajikan …"
Analisis Keamanan Pada Teknologi Blockchain,"Z Munawar, NI Putri, I Iswanto… - … Teknologi Informasi …, 2023 - jurnal.usbypkp.ac.id","… memastikan tingkat enkripsi dan keamanan data yang lebih tinggi. … Penggunaan 
pseudo-random noise generator dan privasi … rumit dalam mengembangkan sistem informasi dari …"
Implementasi Teknologi Blockchain dalam Pengamanan Sistem Keuangan pada Perguruan Tinggi: Implementation of Blockchain Technology in Securing Financial …,"SA Hasan, WN Al-Zahra, AS Auralia… - … : Manajemen …, 2024 - journal.pandawan.id","… bahwa blockchain dapat meningkatkan keamanan data dan … dan tantangan penggunaan 
blockchain di sektor pendidikan … ada mengenai blockchain dan keamanan sistem keuangan …"
Memperkuat Keamanan Data melalui Teknologi Blockchain: Mengeksplorasi Implementasi Sukses dalam Transformasi Digital di Indonesia,"TWE Suryawijaya - Jurnal Studi Kebijakan Publik, 2023 - jurnal.kemendagri.go.id","… Hal ini dapat merusak integritas data dan mengancam keamanan data dalam blockchain. 
Double… di Indonesia, penggunaan teknologi blockchain untuk keamanan data memiliki potensi …"
Implementasi teknologi blockchain untuk keamanan data internet of things,"B Irawan - Humantech: Jurnal Ilmiah Multidisiplin Indonesia, 2023 - journal.ikopin.ac.id","… Sebagai contoh dalam sektor akomodasi, penggunaan blockchain melalui smart contracts 
dapat mengubah cara reservasi dan pembayaran dilakukan. Transaksi langsung antara …"
Perancangan Sistem Informasi Manajemen Berbasis Teknologi Blockchain Untuk Optimalisasi Keamanan Dokumen Digital,"A Sulistiawati, R Firdaus - Jurnal Intelek Dan Cendikiawan …, 2024 - jicnusantara.com","… keamanan data digital dengan meningkatkan pengelolaan data berbasis teknologi blockchain. 
… Blockchain memungkinkan penggunaan sistem jaringan peer-to peer terdistribusi untuk …"
[PDF][PDF] Sistem Pengamanan Data Menggunakan Kriptografi AES dan Blockchain Berbasis Android,"D Calista, A Farissi, MD Marieska - Jurnal JUPITER, 2021 - repository.unsri.ac.id","… tinggi telah menggunakan sistem informasi akademik untuk meningkatkan mutu … dalam 
penelitian ini adalah bagaimana membangun suatu sistem yang dapat menjaga keamanan data …"
Skema catatan kesehatan menggunakan teknologi blockchain dalam pendidikan,"U Rahardja - … : Manajemen, Pendidikan dan Teknologi …, 2022 - journal.pandawan.id","… inovasi penggunaan teknologi dalam penerapan rekam … sehingga perlu adanya sistem yang 
kuat dalam hal keamanan [25] [… Blockchain untuk mendukung peningkatan keamanan yang …"
Eksplorasi Potensi Penggunaan Blockchain Dalam Optimalisasi Manajemen Pelabuhan di Indonesia: Tinjauan Literatur,"D Indraprakoso - Sanskara Manajemen Dan Bisnis, 2023 - sj.eastasouth-institute.com","… Blockchain dalam rantai pasokan adalah peningkatan keamanan data dan penggunaan … 
konseptual untuk implementasi teknologi dan sistem informasi dan komunikasi lanjutan di …"
Penggunaan teknologi blockchain dalam bidang pendidikan,"MO Augusta, CPO Syeira… - … Teknologi Informasi, 2021 - journal.umtas.ac.id","… dalam Teknologi Blockchain adalah keamanan datanya, hal ini menjadikan blockchain ideal 
untuk penyimpanan data … memiliki potensi menjamin identitas, privasi, dan keamanan data …"
Kecerdasan buatan,A Kristanto - 2004 - slims.uinsatu.ac.id,"… Kecerdasan buatan sebagaimana telah diketahui, saat ini merupakan suatu novasi baru 
dalam bidang ilmu pengetahuan. Adanya kecerdasan buatan dimulai sejak munculnya …"
[PDF][PDF] Penerapan Web Walkers Sebagai Media Informasi Untuk Perbandingan Manual Brewing Coffee Di Indonesia,"S Sintaro, A Surahman, AT Prastowo - JSiI (Jurnal Sistem Informasi), 2020 - academia.edu","… teknologi ekstraksi data dengan web crawler untuk menyajikan segmentasi produk emarketplace, 
dan hasil pengujian terhadap teknologi web crawler dapat membantu segmentasi …"
Kecerdasan Buatan-A,AN Utomo - 2012 - repository.istn.ac.id,"… Sistem Informasi S1 Kecerdasan Buatan A … Mata Kuliah : Kecerdasan Buatan … : 
Kecerdasan Buatan KELAS /PESERTA : A/12 …"
Kecerdasan Buatan,"H Jaya, S Sabran, M Idris, YA Djawad, A Ilham… - 2018 - eprints.unm.ac.id","Melalui buku ini, kami berharap akan menambah referensi yang berarti bagi Dosen 
pengampuh mata kuliah ini, khususnya di lingkungan Jurusan Pendidikan Teknik Elektronika …"
Kecerdasan Buatan Dalam Hal Otomatisasi Layanan,"A Zein - Jurnal Ilmu Komputer, 2021 - jurnal.pranataindonesia.ac.id","… ini dikarenakan tergantikan oleh kecerdasan buatan yang dapat … sejauh mana kecerdasan 
buatan berdampak pada profesi … Hasil dari penulisan artikel ini bahwa kecerdasan buatan …"
[PDF][PDF] Implementasi logika fuzzy pada sistem kecerdasan buatan,"H Nasution - jurnal ELKHA, 2012 - jurnal.untan.ac.id",
[BUKU][B] Kecerdasan Buatan Berbasis Pengetahuan,S Hartati - 2021 - books.google.com,"… Buku ini membahas konsep kecerdasan buatan yang … kecerdasan buatan, buku ini 
diawali dengan pembahasan tentang pengertian kecerdasan manusia dan kecerdasan buatan. …"
Kecerdasan Buatan sebagai Konsep Baru pada Perpustakaan,"AOP Dewi - Anuva: Jurnal Kajian Budaya, Perpustakaan, Dan …, 2020 - ejournal2.undip.ac.id","… kecerdasan buatan di dalamnya. Dengan menerapkan kecerdasan buatan pada masa ini 
… perpustakaan akan menjadi pelopor perpustakaan yang melek akan kecerdasan buatan. …"
Pengembangan media pembelajaran mobile learning berbasis android pada mata kuliah kecerdasan buatan,"AN Khomarudin, L Efriyanti - … Educative: Journal of …, 2018 - ejournal.uinbukittinggi.ac.id","… dari 9 orang mahasiswa pada perkuliahan kecerdasan buatan menunjukkan nilai 93,63 
dengan … pada pembelajaran mata kuliah kecerdasan buatan. Sehingga disarankan dosen dan …"
RETRACTED (Di Tarik): Dampak Kecerdasan Buatan Bagi Pendidikan,"D Manongga, U Rahardja, I Sembiring… - ADI Bisnis Digital …, 2022 - adi-journal.org","… Kecerdasan buatan adalah suatu sistem yang dikembangkan dan mampu berinovasi … 
mesin maupun komputer yang dapat memiliki kecerdasan yang sama atau bahkan lebih seperti …"
Implementasi pengolahan citra pada quadcopter untuk deteksi manusia menggunakan algoritma yolo,"AN Sugandi, B Hartono - Prosiding Industrial Research …, 2022 - jurnal.polban.ac.id","… Pada penelitian ini, dilakukan implementasi pengolahan citra pada quadcopter untuk 
mendeteksi objek menggunakan algoritma YOLO. Pengimplementasian ini diharapkan dapat …"
Implementasi algoritma you only look once (YOLO) untuk deteksi korban bencana alam,"M Sarosa, N Muna - Jurnal Teknologi Informasi dan Ilmu Komputer, 2021 - jtiik.ub.ac.id","… The algorithm used is You Only Look Once (YOLO). In this study, two types of YOLO algorithms 
were compared, namely YOLOv3 and YOLOv3 Tiny. From the test results that have been …"
IMPLEMENTASI WEB CRAWLER UNTUK MENCARI HARGA BARANG TERMURAH DARI BERBAGAI SITUS E-COMMERCE INDONESIA,"EG Pradana - Jurnal Teknologi Pintar, 2022 - teknologipintar.org","… dari suatu website. Umumnya web crawler menelusuri halaman-halaman web dalam 
bahasa … Berdasarkan pengujian yang dilakukan, kecepatan pengambilan data web crawler …"
[BUKU][B] Computer Vision dan YOLO Menggali Potensi Computer Vision dan Implementasi YOLO untuk Pertanian Pintar,"S Mira, M Kom, C Gudiato, S Kom, M Kom, B Chan - 2023 - books.google.com","… dan implementasi computer vision atau yang biasa dikenal dengan OpenCV dan YOLO (… 
YOLO pada tanaman. Dengan perkembangan teknologi penggunaan Computer Vision dan …"
Implementasi Yolo V8 Untuk Mendeteksi Mata Uang Rupiah Emisi Tahun 2022 Ber-Output Audio,"RSI Sihombing, WA Harahap… - JATI (Jurnal Mahasiswa …, 2024 - ejournal.itn.ac.id","… Salah satunya adalah implementasi Deep learning menggunakan Algoritma YOLO … , YOLO 
menggunakan pendekatan jaringan saraf tiruan untuk melakukan deteksi objek [4]. YOLO …"
Implementasi YOLO versi 3 untuk Mengidentifikasi dan Mengklasifikasi Sampah Kantor berbasis NVIDIA Jetson Nano,"OSN Utomo, F Utaminingrum… - … Teknologi Informasi dan …, 2022 - j-ptiik.ub.ac.id","… Proses klasifikasi sampah perkantoran ini menggunakan algoritma YOLO atau You Only 
Look Once versi 3. Algoritma YOLO atau You Only Look Once yang merupakan salah satu …"
Implementasi YOLO Dalam Deteksi Jumlah Kendaraan,"MM NSA, R Wulanningrum… - Prosiding SEMNAS …, 2024 - proceeding.unpkediri.ac.id","… menunjukkan potensi implementasi YOLO untuk deteksi jumlah kendaraan. Kata Kunci—YOLO;… 
This research shows the potential of YOLO implementation for vehicle count detection. …"
[PDF][PDF] Implementasi Algoritma Yolo Dan Tesseract Ocr Pada Sistem Deteksi Plat Nomor Otomatis,"A Aprilino, IH Al Amin - Jurnal Teknoinfo, 2022 - pdfs.semanticscholar.org","… This study develops a YOLO-based automatic vehicle number plate detection system. The 
dataset used is a pretrained YOLOv3 model of 700 data. Then proceed with the number plate …"
[PDF][PDF] Implementasi Algoritma You Only Look Once (YOLO) Untuk Object Detection Sarang Orang Utan,"IMD Maleh, R Teguh, AS Sahay, S Okta… - Jurnal …, 2023 - researchgate.net","… YOLO merupakan … YOLO, dapat memproses gambar inputan hingga pada 45 FPS (frame 
per second), bahkan dengan versi jaringan neural yang lebih kecil lagi, yakni Fast YOLO dapat …"
Implementasi dan analisis performansi metode you only look once (yolo) sebagai sensor pornografi pada video,"HH Al Asyhar, SA Wibowo… - eProceedings …, 2020 - … .telkomuniversity.ac.id","… (YOLO) untuk mendeteksi adanya konten pornografi pada video untuk keperluan penyensoran. 
YOLO … Network (CNN), sehingga YOLO mampu mendeteksi suatu objek dengan tingkat …"
Implementasi algoritma CNN dan YOLO untuk mendeteksi jenis kendaraan pada jalan raya,F Jupiter - 2023 - repository.binadarma.ac.id,"… On the other hand, the YOLO algorithm offers a different approach to object detection. YOLO 
… However, as a consequence of this approach, YOLO may encounter challenges in terms of …"
Membangun Web Crawler Menggunakan Metode Incremental serta Tinjauannya Menurut Agama Islam (Studi Kasus: Situs Web Kesehatan Indonesia),D Adlan - 2019 - digilib.yarsi.ac.id,"… Indonesia dengan mengambil dokumen web di internet. Pada penelitian ini akan membangun 
web crawler … MyCrawler mempunyai tujuan untuk mengambil dokumen web kesehatan di …"
Apakah Pembelajaran Menggunakan Teknologi dapat Meningkatkan Literasi Manusia pada Generasi Z di Indonesia?,"LY Hastini, R Fahmi, H Lukito - Jurnal Manajemen Informatika  …, 2020 - ojs.unikom.ac.id","… Untuk menghadapi Revolusi Industi 4.0 Indonesia berusaha meningkatkan tiga literasi, … 
SPADA Indonesia untuk meningkatkan akses pendidikan tinggi yang bermutu di Indonesia. …"
[PDF][PDF] Persepsi mahasiswa program studi Informatika Universitas Al Azhar Indonesia terhadap implementasi merdeka belajar kurikulum merdeka,"D Hermawan, A Supriyanto, DA Hakim… - … Al Azhar Indonesia …, 2022 - academia.edu","… Hasil survei menggambarkan persepsi mahasiswa Program Studi Informatika, Fakultas 
Sains dan Teknologi, Universitas Al Azhar Indonesia terhadap program MBKM. Sebagian besar …"
Analisis Sistem Pendukung Keputusan Dengan Model Klasifikasi Berbasis Machine Learning Dalam Penentuan Penerima Program Indonesia Pintar,"A Nata, S Suparmadi - Journal of Science and Social …, 2022 - jurnal.goretanpena.com","… penerima bantuan Program Indonesia Pintar (PIP) di SMP Tamansiswa Sukadamai. 
Peneliti akan membandingkan model klasifikasi berbasis machine learning seperti metode k-…"
[PDF][PDF] Persepsi mahasiswa terhadap kualitas layanan Pendidikan Akademi Manajemen Informatika dan Komputer Indonesia (AMIKI) Banda Aceh,"K Amri - Jurnal Ekonomi Manajemen dan Bisnis, 2013 - researchgate.net","Penelitian ini bertujuan untuk mengetahui persepsi mahasiswa terhadap kualitas layanan 
pendidikan Akademi Manajemen Informatika dan Komputer Indonesia (AMIKI) Banda Aceh, …"
Analisis kepuasan mahasiswa terhadap kualitas pelayanan akademik di Sekolah Tinggi Manajemen Informatika & Komputer Indonesia,"LPRA Ratnaningrum - … of Business and …, 2023 - bussman.gapenas-publisher.org","… STIKI Indonesia sebagai salah satu institusi pendidikan yang memiliki komitmen untuk … 
Analisis ini untuk menentukan apakah STIKI Indonesia telah mampu memenuhi ketentuan-…"
Analisis Strategi Komunikasi Program Indonesia Makin Cakap Digital Kementerian Komunikasi dan Informatika dalam Meningkatkan Literasi Digital,"MAA Pangestu, M Christin - JIIP-Jurnal Ilmiah Ilmu …, 2022 - jiip.stkipyapisdompu.ac.id","… dan Informatika menargetkan 50 juta masyarakat Indonesia mampu menguasai kemampuan 
literasi digital pada tahun 2024, dengan harapan agar Indonesia … dan Informatika dalam …"
Penerapan Augmented Reality Sebagai Media Pembelajaran Hewan Langka Di Lindungi Di Indonesia,"MR Zuliansyah - Jurnal Informatika dan Rekayasa Perangkat …, 2021 - jim.teknokrat.ac.id","… di Indonesia. … di indonesia sebagai media pembelajaran inovatif yang diharapkan dapat 
membantu siswa dalam mengenal dan memahami hewan langka yang dilindungi di Indonesia …"
[PDF][PDF] Aplikasi Pengolahan Data Alumni Diploma Tiga Manajemen Informatika Universitas Methodist Indonesia Medan,"SAP Sibarani, J Napitupulu… - … Manajemen Informatika …, 2017 - ejurnal.methodist.ac.id","… Setiap tahunnya Universitas Methodist Indonesia menamatkan ratusan mahasiswa dari … 
Studi D-III Manajemen Informatika Fakultas Ekonomi Universitas Methodist Indonesia. Setelah …"
Perancangan Media Informasi Program Studi Teknik Informatika Dan Sistem Komputer Pada STMIK STIKOM Indonesia Berbasis Animasi 2D,"INAS Putra, IPA Saputra - Jurnal Bahasa Rupa, 2017 - jurnal.instiki.ac.id","… STMIK STIKOM Indonesia merupakan sebuah kampus yang memiliki dua program studi 
yaitu Teknik Informatika dan Sistem Komputer. Teknik Informatika merupakan program studi …"
IMPLEMENTASI WEB SCRAPING PADA PORTAL BERITA ONLINE,"YA Hafiz, E Sudarmilah - Inisiasi, 2023 - jurnal.wonogirikab.go.id","… The web scraping process is carried out using the Visual Studio Code application with the 
Python programming language and the beautifulsoup library. This web scraping method is …"
WEB SCRAPING SENYAWA HERBAL DI INDONESIA MENGGUNAKAN SELENIUM PYTHON,"NFR Afrianti, A Badawi… - JOURNAL OF SCIENCE …, 2024 - jurnal.goretanpena.com","… Kemudian web page yang sudah didapat akan di-parsing menggunakan library BeautifulSoup. 
Data senyawa herbal yang disimpan dalam bentuk tabel pada situs penyedia data. …"
Pengembangan Sistem Otomatisasi dengan Python: Meningkatkan Efisiensi Operasional,"MK Lubis - Circle Archive, 2024 - circle-archive.com","… pustaka seperti Paramiko dan Ansible. Artikel ini membahas berbagai contoh penerapan 
Python … Web scraping dengan pustaka seperti BeautifulSoup dan Scrapy memungkinkan …"
Analisis Sentimen Terhadap Pariwisata di Kabupaten Grobogan Berbasis Orange Menggunakan Naive Bayes,"MA Assiva - Innovative: Journal Of Social Science Research, 2024 - j-innovative.org","… Proses pengumpulan data dilakukan melalui teknik web scraping menggunakan Python 
dengan pustaka BeautifulSoup dan Selenium. Ulasan yang terkumpul terdiri dari teks ulasan, …"
Penerapan Pembelajaran Mesin (Machine Learning) dan Pembelajaran Dalam (Deep Learning) Berkinerja Tinggi untuk Mendukung Sektor Pertanian di Indonesia,HF Pardede - 2023 - penerbit.brin.go.id,"… satu sektor strategis di Indonesia dan penerapan teknologi … kurangnya data dan kondisi 
geografis Indonesia. Pada naskah orasi … Pertama, beberapa dataset produk pertanian indonesia …"
Penerapan Metode SVM dan Random Forest untuk Mendeteksi Berita Hoaks pada PT. Global Arrow,"RP Fernandes, RT Shita - Jurnal Ticom …, 2024 - jurnal-ticom.jakarta.aptikom.org","… Library beautifulsoup baik digunakan untuk melakukan … sebuah perpustakaan (library) dalam 
Bahasa pemrograman python … perpustakaan (library) dalam bahasa pemrograman python …"
Peringkas Teks Otomatis Berita Online Komisi Pemilihan Umum Menggunakan Algoritma K-Means Clustering,"EMW Runturamby, VP Rantung, K Santa - Prosiding SISFOTEK, 2024 - seminar.iaii.or.id","… menggunakan pustaka BeautifulSoup untuk … pustaka pemrosesan bahasa alami (Natural 
Language Processing, NLP) untuk mengenali batas kalimat; Dalam bahasa Python, pustaka …"
PENGARUH ULASAN DAN RATING TERHADAP PERINGKAT PENJUAL DI SHOPEE,"R Winarni, YA Reza, MA Maulana… - Jurnal …, 2024 - e-journal.naureendigition.com","… Menggunakan web scraping: Memanfaatkan bahasa pemrograman Python dan pustaka 
seperti BeautifulSoup dan Scrapy untuk mengotomatisasi pengumpulan data. Data yang …"
Analisis sentimen masyarakat media sosial twitter terhadap kinerja penjabat gubernur Dki Jakarta menggunakan model indobert,LS Pradana - 2024 - repository.uinjkt.ac.id,"… Model yang dilatih dengan algoritma IndoBERT pada … and sentiment analysis using the 
IndoBERT algorithm.Based on the … The model trained with the IndoBERT algorithm in this study …"
Pengaruh Tahapan Preprocessing Terhadap Model Indobert Dan Indobertweet Untuk Mendeteksi Emosi Pada Komentar Akun Berita Instagram,"U Khairani, V Mutiawani, H Ahmadian - Jurnal Teknologi Informasi dan …, 2024 - jtiik.ub.ac.id","… model terlatih IndoBERT dan IndoBERTweet. Penelitian ini bertujuan untuk membandingkan 
model IndoBERT dan … dan mengeksplorasi dampak penggunaan tahapan preprocessing …"
Model Klasifikasi Berbasis Multiclass Classification dengan Kombinasi Indobert Embedding dan Long Short-Term Memory untuk Tweet Berbahasa Indonesia,"TIZM Putra, S Suprapto… - Jurnal Ilmu Siber dan …, 2022 - penerbitgoodwood.com","… classification model from previous studies, by combining the IndoBERT pre-trained model … 
this research, combined with pre-trained IndoBERT namely Long Short-Term Memory (LTSM). …"
Implementasi model indobert untuk klasifikasi jenis tindak pidana korupsi berbasis web application,N Hafidhigbal - 2024 - repository.uinjkt.ac.id,"… This research utilizes the IndoBERT model in a web … IndoBERT model was based on the 
superiority of this model … This research successfully implemented IndoBERT for the classification …"
Analisis sentimen pengguna X Indonesia terkait kendaraan listrik menggunakan IndoBERT,"R Merdiansah, S Siska… - Jurnal Ilmu Komputer …, 2024 - ejournal.sisfokomtek.org","… Dengan demikian, kesimpulan dari penelitian ini adalah bahwa penggunaan data 
IndoNLU dalam melatih model IndoBERT dapat meningkatkan kinerja model dalam analisis …"
Deteksi Aspek Review E-Commerce Menggunakan IndoBERT Embedding dan CNN,"S Imron, EI Setiawan, J Santoso - INSYST: Journal of Intelligent …, 2023 - jurnal.istts.ac.id","… Untuk itu merubah data menjadi tensor pada penelitian ini menggunakan model 
indoBERT-base-p1 yang didapat dari library huggingface transformer [21] [22]. Untuk contoh BERT …"
Fine-Tuning Model Indobert (Indonesian Bidirectional Encoder Representations from Transformers) untuk Analisis Sentimen Berbasis Aspek pada Aplikasi M-Paspor,"FF Az-Zahra, A Pambudi - Joutica, 2024 - jurnalteknik.unisla.ac.id","… model LDA dan IndoBERT, yang telah dilakasanakan berdasarkan sekenario didapatkan 
Kesimpulan sebagi berikut: 1. Rancangan arsitektur model IndoBERT … , penggunaan optimizer …"
Penerapan Model Klasifikasi K-Nearest Neighbor Dalam Pencarian Kesesuaian Pekerjaan,"M Ula, R Zulhusna, RP Fhonna… - Metik …, 2022 - journal.universitasmulia.ac.id","… Testing perhitungan model KNN dalam pengisian nilai responden untuk mengisi soal 
koesioner, data diri dan pekerjaan. Terdapat 6 pekerjaan yang menjadi kategori pemilihan dalam …"
Evaluasi dan Implementasi Indobert Question Answering (QA) pada Domain Spesifik Menggunakan Mean Reciprocal Rank,"TI Ramadhan, A Supriatman, TR Kurniawan - Jurnal Algoritma, 2024 - sttgarut.ac.id","… model QA bahasa Indonesia bernama IndoBERT-QA. Penelitian ini bertujuan untuk 
mengevaluasi kemampuan IndoBERT-QA … Hasil evaluasi menunjukkan bahwa model …"
Model Indo-BERT untuk Identifikasi Sentimen Kekerasan Verbal di Twitter,"N Nurjoko, A Rahardi - TEKNIKA, 2024 - jurnal.polsri.ac.id","… di Twitter dengan menggunakan model Indo-BERT. Kinerja model Indo-BERT akan diukur 
… wawasan baru mengenai penggunaan model Indo-BERT untuk analisis sentimen terhadap …"
Analisis Sentimen Ulasan Pengguna E-commerce di Google Play Store Menggunakan Metode IndoBERT,KC Pradhisa - 2024 - dspace.uii.ac.id,"… -commerce serta mengatahui seberapa akurat IndoBERT dalam pengklasifikasian sentimen. 
… Shopee dan Bukalapak, menggunakan model IndoBERT berbasis NLP (Natural Language …"
Meningkatkan Rekomendasi Menggunakan Algoritma Perbedaan Topik,"Z Munawar, NI Putri, DZ Musadad - J-SIKA| Jurnal Sistem …, 2020 - ejournal.unibba.ac.id","… METRIK EVALUASI Metrik evaluasi sangat penting untuk menilai kualitas dan kinerja … 
Cakupan, Di antara semua metrik evaluasi non-akurasi, cakupan adalah yang paling sering …"
[PDF][PDF] Segmentasi Citra Keretakan Dinding Beton Menggunakan Teknik Perbandingan Evaluasi Metrik,"F Marleny, M Fitriansyah, WAN Saputri, R Ansari - TEMATIK, 2023 - academia.edu","… dapat di evaluasi melalui evaluasi metrik dengan berbagai … teknik perbandingan evaluasi 
metrik untuk dapat melakukan … geodesik morfologi dalam evaluasi metrik. Untuk mengetahui …"
Convolutional Neural Network Untuk Metode Klasifikasi Multi-Label Pada Motif Batik.,"T Bariyah, MA Rasyidi - Techno. Com, 2021 - search.ebscohost.com","… Sehingga metrik evaluasi untuk permasalahan klasifikasi … Dalam penelitian ini akan 
digunakan model metrik evaluasi dengan … asal terkait metrik evaluasi yang ada [27]. Misalkan: …"
Evaluasi usability pada aplikasi BNI mobile banking dengan menggunakan metode usability testing dan system usability scale (SUS),"IMH Kusumawardhana, NH Wardani… - … Informasi Dan Ilmu …, 2019 - j-ptiik.ub.ac.id","… the first stage does initial testing to measure the learnability metric, efficiency metric, error 
metric and satisfaction metric obtained using two methods there are Usability Testing and …"
Evaluasi Kualitas Software Menggunakan ISO 1926-4,"MA Mude, MA Asis - Journal of Information System …, 2023 - jurnal.amikom.ac.id","… metrik tersendiri untuk evaluasi yakni: - Effectiveness, kemampuan produk perangkat lunak 
untuk mencapai tujuan tertentu dengan akurasi dan kelengkapan yang telah ditentukan. - …"
Evaluasi Kepuasan Pengguna Portal Berita Menggunakan Usability Metric: Array,"D Harmilasari, LC Munggaran - Jurnal Ilmiah Komputasi, 2020 - ejournal.jak-stik.ac.id","… Evaluasi dua portal berita ini berdasarkan dari kepuasan … Untuk mendapatkan evaluasi yang 
lebih mendalam dapat … usability metric yang lain untuk mendapatkan hasil evaluasi yang be…"
"Prediksi Penerimaan Siswa Baru dengan Metode Single Exponential Smoothing Melalui Metrik Evaluasi MAD, MSE dan MAPE","D Arisandi, S Salamun… - Journal of Information …, 2023 - ejurnal.seminar-id.com","… Evaluasi Kinerja Prediksi: Setelah melakukan pengujian nilai alpha, langkah selanjutnya 
adalah melakukan evaluasi kinerja prediksi dengan metrik evaluasi seperti … Metrik evaluasi ini …"
"Pemanfaatan Vector Space Model pada Penerapan Algoritma Nazief Adriani, KNN dan Fungsi Similarity Cosine untuk Pembobotan IDF dan WIDF pada Prototipe …","D Susandi, U Sholahudin - … (Pengembangan Riset dan …, 2016 - e-jurnal.lppmunsera.org","… Tujuan dari penelitian ini menganalisis efektifitas model sistem klasifikasi/kategorisasi 
dokumen dalam penerapan vector space model berdasarkan pembobotan term dokumen dan …"
Klasifikasi Dan Evaluasi Performa Model Random Forest Untuk Prediksi Stroke,"M FADLI, RA Saputra - Jurnal Teknik, 2023 - jurnal.umt.ac.id","… Evaluasi performa model dilakukan menggunakan berbagai metrik evaluasi yang umum 
digunakan dalam klasifikasi, seperti akurasi, presisi, recall, dan skor F1. Akurasi mengukur …"
Penerapan Data Mining Menggunakan Algoritma K-Means Clustering Dalam Evaluasi Hasil Pembelajaran Siswa,"N Hendrastuty - Jurnal Ilmiah Informatika dan …, 2024 - e.publication.diskoplampung.com","… silhouette score sebagai metrik evaluasi memberikan panduan yang berguna dalam 
menentukan jumlah kluster yang optimal dalam analisis clustering dan interpretasi data. …"
Evaluasi kualitas perangkat lunak menggunakan ISO/IEC 9126-4 quality in use (Studi kasus: FILKOM Apps),"VAK Siren, NY Setiawan… - … Teknologi Informasi dan …, 2019 - j-ptiik.ub.ac.id","… Dalam tahapan ini akan diidentifikasi metrik yang akan digunakan. Adapun metrik yang akan 
digunakan pada penelitian ini adalah metrik dari karakteristik yang menjadi fokus evaluasi …"
Analisis sentimen masyarakat terhadap program kartu prakerja pada twitter dengan metode support vector machine,"S Styawati, N Hendrastuty… - Jurnal Informatika …, 2021 - ejournal.poltekharber.ac.id","… hasil evaluasi yang dilakukan pada nilai akurasi kernel … Hingga menghasilkan matrik 
dengan ordo 3x3 sebagai … akurasi 98.67%, presision 98%, recall 99%, dan F1-Score 98%, …"
[PDF][PDF] Evaluasi Kinerja Model YOLOv8 dalam Deteksi Kesegaran Buah,"J Triloka - JUPITER: Jurnal Penelitian Ilmu dan Teknologi …, 2024 - jurnal.polsri.ac.id","… size 8 memberikan hasil confusion matrix dengan akurasi 88%. … kami evaluasi dengan 
F1-Score untuk melihat akurasi deteksi … Hasil dari evaluasi terhadap metric recall dan precision …"
Metode SVM dan Naive Bayes untuk Analisis Sentimen ChatGPT di Twitter,"D Atmajaya, A Febrianti, H Darwis - The Indonesian Journal of Computer …, 2023 - ijcs.net","… metrik-metrik seperti akurasi, presisi, recall, dan f1-score yang ada pada confusion matrix … 
Berikut tabel 4 menunjukkan perbandingan performa untuk hasil evaluasi dari klasifikasi …"
Analisa Distance Metric Algoritma K-Nearest Neighbor Pada Klasifikasi Kredit Macet,"KF Margolang, MM Siregar, S Riyadi… - Journal of …, 2022 - ejurnal.seminar-id.com","… Evaluasi reabilitas masing-masing distance metric dalam mengklasifikasikan data set diperoleh 
dari widget Confusion Metric … algoritma dengan akurasi, presisi, F1 score dan sensitifitas …"
Klasifikasi Dan Evaluasi Performa Model Random Forest Untuk Prediksi Stroke,"M FADLI, RA Saputra - Jurnal Teknik, 2023 - jurnal.umt.ac.id","… metrik evaluasi seperti akurasi, presisi, recall, dan F1-score, serta hasilnya disajikan dalam 
bentuk confusion … Metrik evaluasi seperti akurasi, presisi, recall, dan skor F1 digunakan …"
Analisis Sentimen Pada Ulasan Aplikasi Amazon Shopping Di Google Play Store Menggunakan Naive Bayes Classifier,"E Hasibuan, EA Heriyanto - Jurnal Teknik dan Science, 2022 - journal.admi.or.id","… Evaluasi hasil: Kinerja algoritma klasifikasi diringkas … confusion matrix. Hasil analisis 
sentimen akan dievaluasi menggunakan matrik evaluasi akurasi, precision, recall, dan f1-score. …"
Deteksi tingkat kematangan buah pinang menggunakan metode support vector machine berdasarkan warna dan tekstur,"R Maneno, B Baso, PG Manek… - Journal of Information and …, 2023 - jurnal.unimor.ac.id","… Akurasi merupakan salah satu metrik evaluasi dalam pembelajaran mesin yang digunakan 
… berbagai metrik evaluasi seperti akurasi, presisi, recall, dan F1-score. Confusion matrix …"
Penerapan Model K-Nearest Neighbors Dalam Klasifikasi Kebutuhan Daya Listrik Untuk Masing-Masing Daerah Di Kota Lhokseumawe,"M Sadli, F Fajriana, W Fuadi… - Jurnal Ecotipe …, 2018 - mail.ecotipe.ubb.ac.id","… Hasil dari penelitian ini adanya aplikasi teknologi dalam model KNN dalam pengelompokan 
penentuan kebutuhan daya untuk masing-masing daerah di Kota Lhokseumawe. …"
Algoritma Naïve Bayes untuk Mengidentifikasi Hoaks di Media Sosial,"MZ Haq, CS Octiva, A Ayuliana, UW Nuryanto… - Jurnal Minfo …, 2024 - jurnal.polgan.ac.id","… Selain akurasi, sejumlah metrik evaluasi tambahan juga … keseimbangan antara precision 
dan recall (F1-score tinggi). … Kita dapat melihat dari confusion matrix di atas bahwa model …"
Penerapan Metode Residual Network (RESNET) Dalam Klasifikasi Penyakit Pada Daun Gandum,"A Ridhovan, A Suharso - JIPI (Jurnal …, 2022 - jurnal.stkippgritulungagung.ac.id","… ) menghasilkan akurasi yang tinggi dan evaluasi matrik yang … 30 menit dan menghasilkan 
akurasi uji terbaik sebesar 97%. … confusion matrix dan dihasilkan presisi, recall, dan f1 score …"
Clusterisasi Dokumen Web (Berita) Bahasa Indonesia Menggunakan Algoritma K-Means,"YDP Negara, M Syarief - Jurnal Simantec, 2015 - journal.trunojoyo.ac.id","… pada banyak halaman web tersebut. Aplikasi berupa portal ini dilengkapi … crawler yang 
berjalan mengililingi halaman web dan menghimpun semua halaman web berbahasa Indonesia …"
Eksperimen Naïve Bayes Pada Deteksi Berita Hoax Berbahasa Indonesia,"F Rahutomo, IYR Pratiwi… - … Komunikasi Dan Opini …, 2019 - jurnal.kominfo.go.id","… to detect hoax news in Bahasa Indonesia. In this … kerja crawler adalah melakukan pemindaian 
(scanning) terhadap keberadaan hyperlink yang terhubung ke halaman lain. Web crawler …"
Mesin Pengindikasi Kemiripan untuk Dokumen Berbahasa Indonesia,T Mardiana - 2015 - etd.repository.ugm.ac.id,"… plagiarisme pada dokumen berbahasa Indonesia. Proses deteksi … Fitur web crawler 
ditambahkan untuk mengumpulkan tautan … A web crawler feature was added to collect online link …"
Penggunaan web crawler untuk menghimpun tweets dengan metode pre-processing text mining,"BR Aditya - Jurnal Infotel, 2015 - ejournal.ittelkom-pwt.ac.id","… yaitu model waterfall dan diimplementasikan dengan bahasa pemrograman PHP. Sedangkan 
… twitter resmi Samsung Indonesia yang aktif dalam mempromosikan produk-produknya [6]. …"
Implementasi dan analisis algoritma stemming nazief & adriani dan porter pada dokumen berbahasa indonesia,"D Wahyudi, T Susyanto, D Nugroho - Jurnal Ilmiah SINUS, 2017 - p3m.sinus.ac.id","… Pada penelitian ini dibangun sebuah aplikasi berbasis web dengan menggunakan Bahasa 
… ) pada tanggal 27 September 2015 menggunakan crawler Simple HTML Dom. Data yang …"
Implementasi Web crawler untuk pengambilan data dan analisis sentimen pada media online berbahasa Indonesia,F Yuliana - 2016 - eprints.uai.ac.id,"… sentimen pada media online berbahasa Indonesia - Repository Universitas Al Azhar Indonesia 
… untuk pengambilan data dan analisis sentimen pada media online berbahasa Indonesia. …"
… search on Indonesian anti-plagiarism detection: Pemanfaatan web crawler untuk pencarian referensi pada deteksi anti-plagiarisme dokumen Bahasa Indonesia,"AT Wibowo, A Arifianto, A Oktoveri… - 2013 IEEE …, 2013 - ieeexplore.ieee.org","… Web crawlers are widely used for various purposes. The main components of a web crawler 
is a web search engine, corpus building of web … of plagiarism detection, web crawler used to …"
Pengembangan Sistem Identifikasi Fakta Dan Tidak Fakta Berita di Media Informasi Berbahasa Indonesia,"MM Stiawan, R Hidayat - Prosiding TAU SNARS-TEK Seminar …, 2019 - jurnal.tau.ac.id","… Web crawler adalah proses penelusuran atau menrayapi suatu laman atau … , web crawler 
juga mengambil halaman informasi dari laman tersebut. fungsi utama dari web crawler adalah …"
Penerapan Metode KNN dan Ekstraksi Ciri GLCM Dalam Klasifikasi Citra Ikan Berformalin,DA Larasati - 2022 - repository.uma.ac.id,"… /gambar dari ikan tersebut menggunakan algoritma kNN (k– … klasifikasi knn dapat dipengaruhi 
oleh beberapa hal, seperti … Machine learning terdiri dari model yang belajar dari data (…"
Peningkatan Kemampuan Pengenalan Emosi Melalui Suara dalam Bahasa Indonesia,"F KASYIDI, R ILYAS, NM ANNISA - MIND (Multimedia Artificial …, 2021 - ejurnal.itenas.ac.id","… pengenalan yang optimal, khususnya berkaitan dengan imbalance data. Penelitian ini 
dilakukan untuk meningkatkan performa pengenalan … metode seperti CNN dan RNN untuk dapat …"
Pengembangan Aplikasi Pengenalan Bahasa Isyarat Abjad Sibi Menggunakan Metode Convolutional Neural Network (CNN),"M Sholawati, K Auliasari… - JATI (Jurnal Mahasiswa …, 2022 - ejournal.itn.ac.id","… isyarat abjad dengan menerapkan metode CNN dan RNN. Hasil penelitian memperoleh … 
metode CNN, diperoleh akurasi pengujian sebesar 93,5% [7]. Penelitian terkait pengenalan …"
Pembentukan Model Recurrent Neural Network dan Connectionist Temporal Classification Pada Pengenalan Kata Tulisan Tangan Offline,"DT Susetianingtias, R Arianty… - Decode: Jurnal …, 2023 - journal.umkendari.ac.id","… dalam pengenalan tulisan tangan. Pada penelitian ini, kendala dalam melakukan pengenalan 
… penggunaan model CNN untuk ekstraksi fitur ciri huruf, RNN yang digunakan dalam …"
Studi Kepustakaan: Pengenalan 4 Algoritma Pada Pembelajaran Deep Learning Beserta Implikasinya,"J Nurhakiki, Y Yahfizham - Pendekar: Jurnal …, 2024 - journal.politeknik-pratama.ac.id","… So in this paper, we will explain basically about four algorithms owned by deep learning, 
namely: CNN, RNN, LSTM and SOM along with an explanation of the application of the …"
Analisis Variasi Ekstraksi Fitur dan Klasifikasi Dengan Noise Reduction Untuk Pengenalan Navigasi Suara Pada Smart Wheelchair,"NS Haekal, F Utamaningrum - Jurnal Pengembangan Teknologi …, 2025 - j-ptiik.ub.ac.id","… Setiap fitur yang telah mendapatkan label setelahnya diproses ke dalam model klasifikasi 
CNN, RNN, dan LSTM secara bergantian untuk kemudian dihitung performa akurasi sistem …"
[HTML][HTML] PENGEMBANGAN SISTEM PENGENALAN TULISAN TANGAN BERBASIS DEEP LEARNING,"DA Nugraha - Jurnal Dunia Data, 2024 - cyberarea.id","… (CNN) dan Recurrent Neural Networks (RNN) dieksplorasi dan diimplementasikan untuk 
meningkatkan akurasi dan kinerja sistem pengenalan … , terutama CNN dan RNN, memberikan …"
Pengembangan Model Named Entity Recognition Untuk Pengenalan Entitas Pada Data Obat Indonesia,DB ARIANTO - 2023 - dspace.uii.ac.id,"… yaitu CNN kernel size adalah 7, CNN filter adalah 50, CNN layer … Pada hasil perbandingan 
menunjukkan bahwa model CNN-… Ketiga, Recurrent Neural network (RNN) digunakan untuk …"
Pelatihan Data Science menggunakan Bahasa Pemrograman Python di PT Ilmu Data Indonesia,"AM Priyatno, FI Firmanda, RJ Farhas… - Dedikasi: Jurnal …, 2023 - dedikasi.net","… yang lebih tentang data science menggunakna Bahasa pemrograman … data science, 
pemahaman python, penerapan praktis, dan studi kasus industri. Pengetahuan dasar data science …"
Analisis Pemasaran Bisnis dengan Data Science: Segmentasi Kepribadian Pelanggan berdasarkan Algoritma K-Means Clustering,"M Harahap, Y Lubis, Z Situmorang - Data Sciences Indonesia  …, 2021 - jurnal.itscience.org","… Kerangka kerja Data Science (ilmu data) dengan metodologi CRIS-DM diterapkan untuk 
memberikan pemahaman bisnis, pemahaman data, analisis data dan pemodelan. Pada …"
Teknik Data Science di Bidang Kesehatan: Menganalisis Faktor penting Ketidakhadiran Janji Medis Pasien,"AM Husein, MK Harahap - Data Sciences Indonesia (DSI), 2021 - jurnal.itscience.org","… Pendekatan Data Science (ilmu data) dan Analisis Data menjadi semakin penting dari 
hari ke hari. Perusahaan dan eksekutif membutuhkan wawasan untuk membuat keputusan …"
PENERAPAN MODEL HIBRIDA CNN-KNN UNTUK KLASIFIKASI PENYAKIT MATA,"AS Wardhani, FT Anggraeny… - JATI (Jurnal Mahasiswa …, 2024 - ejournal.itn.ac.id","… CNN dan KNN dengan CNN sebagai proses ekstraksi fitur serta KNN sebagai … dan KNN 
untuk mencari akurasi terbaik. Hasil akurasi terbaik dari penerapan model hibrida CNN-KNN …"
Analisis dan prediksi data penjualan menggunakan machine learning dengan pendekatan ilmu data,"F Riza - Data Sciences Indonesia (DSI), 2021 - jurnal.itscience.org","… termasuk dalam perhitungan ilmiah, visualisasi dan analisis data. Semua kode sumber 
menggunakan bahasa pemrograman python versi 3 pada lingkungan kerja jupyter notebook …"
Analisis Wawasan Penjualan Supermarket dengan Data Science,"M Harahap, F Rozi, Y Yennimar… - … Sciences Indonesia  …, 2021 - jurnal.itscience.org","… Pada bagian ini diuraiakn hasil penelitian dimana aplikasi dibangun menggunakan bahasa 
… matplotlib digunakan dalam pengolahan data, visualisasi dan normalisasi data. Hasil yang …"
Implementasi Algoritma Naive Bayes Untuk Memprediksi Tingkat Penyebaran Covid-19 Di Indonesia,"AF Watratan, D Moeis - Journal of Applied Computer Science …, 2020 - journal.isas.or.id","… in Indonesia. The research method applied in this research is problem analysis and literature 
study, collecting data … spread rate of COVID-19 in Indonesia. The results of the Naive Bayes …"
Kecerdasan Buatan Dalam Hal Otomatisasi Layanan,"A Zein - Jurnal Ilmu Komputer, 2021 - jurnal.pranataindonesia.ac.id","… ini dikarenakan tergantikan oleh kecerdasan buatan yang dapat … sejauh mana kecerdasan 
buatan berdampak pada profesi … Hasil dari penulisan artikel ini bahwa kecerdasan buatan …"
[BUKU][B] Kecerdasan Buatan Berbasis Pengetahuan,S Hartati - 2021 - books.google.com,"… Buku ini membahas konsep kecerdasan buatan yang … kecerdasan buatan, buku ini 
diawali dengan pembahasan tentang pengertian kecerdasan manusia dan kecerdasan buatan. …"
Kecerdasan Buatan sebagai Konsep Baru pada Perpustakaan,"AOP Dewi - Anuva: Jurnal Kajian Budaya, Perpustakaan, Dan …, 2020 - ejournal2.undip.ac.id","… kecerdasan buatan di dalamnya. Dengan menerapkan kecerdasan buatan pada masa ini 
… perpustakaan akan menjadi pelopor perpustakaan yang melek akan kecerdasan buatan. …"
Pengembangan media pembelajaran mobile learning berbasis android pada mata kuliah kecerdasan buatan,"AN Khomarudin, L Efriyanti - … Educative: Journal of …, 2018 - ejournal.uinbukittinggi.ac.id","… dari 9 orang mahasiswa pada perkuliahan kecerdasan buatan menunjukkan nilai 93,63 
dengan … pada pembelajaran mata kuliah kecerdasan buatan. Sehingga disarankan dosen dan …"
[PDF][PDF] Pemanfaatan machine learning dalam berbagai bidang,"A Roihan, PA Sunarya, AS Rafika - Jurnal Khatulistiwa Informatika, 2020 - academia.edu","… Pembelajaran mesin merupakan bagian dari kecerdasan buatan yang banyak digunakan 
… penelitian terkini dengan mengklasifikasikan machine learning menjadi tiga kategori: …"
"[PDF][PDF] Mengenal artificial intelligence, machine learning, neural network, dan deep learning","A Ahmad - J. Teknol. Indones., no. October, 2017 - academia.edu","… Salah satu teknik yang menjadi populer adalah kecerdasan buatan atau Artificial Intelligence 
(AI) menjadi terkenal karena banyak aplikasi jenis ini yang sekarang bisa ditemui sehari …"
PENYULUHAN SKRINING GIZI DASAR SECARA MANDIRI BERBASIS KECERDASAN BUATAN MACHINE LEARNING PADA SISWA SMA,"I Syafii, A Ridha, V Steffiandry… - … Jurnal Pengabdian pada …, 2023 - jurnal.polsri.ac.id","… melibatkan teknologi berupa kecerdasan buatan. Pemrosesan data terkait kasus-kasus 
yang pernah terjadi sebelumnya dalam teknologi menggunakan machine learning. Penerapan …"
Klasifikasi Algoritma KNN dalam menentukan Penerima Bantuan Langsung Tunai,"R Hamonangan, RK Sari… - Jurnal Informatika …, 2024 - publikasiilmiah.unwahas.ac.id","… Nearest Neighbor (KNN) Algorithm in the data mining classification process. KNN considers 
the … Dalam penelitian ini, penerapan data mining mengikuti langkah-langkah yang ada pada …"
Deep Learning dan Penerapannya dalam Pembelajaran,"A Raup, W Ridwan, Y Khoeriyah… - JIIP-Jurnal Ilmiah …, 2022 - jiip.stkipyapisdompu.ac.id","… sebagai kecerdasan buatan, ada banyak cabang yang dapat kita temui diantaranya adalah 
jaringan saraf tiruan, dan algoritma genetika kecerdasan buatan … dan machine learning yang …"
Peran Kecerdasan Buatan Dalam Pengembangan Sistem Otomatisasi Proses Bisnis,"R Rosidin, R Novianti… - Jurnal Review …, 2024 - journal.universitaspahlawan.ac.id","… machine learning, natural language processing (NLP), dan computer vision (Sophan et al., 
2023). Machine learning … Misalnya, dalam sektor keuangan, algoritma machine learning …"
Systematic Literature Review: Analisis Penerapan Kecerdasan Buatan Dalam Bidang Kesehatan,"MA Thaariq, MDM Baskara… - … Ilmu Komputer dan …, 2024 - conference.upnvj.ac.id","… AI ini terdiri dari berbagai teknik, seperti machine learning, natural language, dan deep 
learning, yang dapat memungkinkan sistem komputer untuk belajar dan beradaptasi dengan …"
TINJAUAN LITERATUR: OPTIMALISASI PENGGUNAAN KECERDASAN BUATAN PADA PERANCANGAN ANTARMUKA E-COMMERCE,"RTRLBR Taufik, RL Bau, DANDA Nggego - Journal of Scientech …, 2022 - idm.or.id","… Technologies such as artificial intelligence and machine learning are playing an important 
role … Using machine learning algorithms, AI can process and analyze big data to understand …"
Penggunaan Kecerdasan Buatan Untuk Personalisasi Pengalaman Belajar,"A Arnadi, A Aslan, AY Vandika - Jurnal Ilmu Pendidikan Dan Kearifan …, 2024 - jipkl.com","… and machine learning algorithms in an educational context to create individually tailored 
learning … This approach leverages AI's ability to analyse big data about each student's learning …"
Machine Learning Untuk Pendidikan: Mengapa dan Bagaimana,"A Fathurohman - Jurnal Informatika Dan Tekonologi …, 2021 - journal.amikveteran.ac.id","… Machine Learning adalah bagian dari kecerdasan buatan (AI) yang membantu komputer 
atau mesin pengajaran belajar dari semua data sebelumnya dan membuat keputusan yang …"
Pemanfaatan Flutter Pada Pengembangan Aplikasi Mobile Ebisnis Penyediaan Bahan Baku Bisnis Katering,"A Herdiansah, D Nurnaningsih… - Jurnal …, 2022 - ejurnal.teknokrat.ac.id","… judul Aplikasi Penjualan Tiket Kelas Pelatihan Berbasis Mobile menggunakan Flutter, 
penelitian ini merupakan penelitian terapan dalam rangka membangun sebuah aplikasi ebisnis …"
Aplikasi Penjualan Tiket Kelas Pelatihan Berbasis Mobile menggunakan Flutter,"FE Krisnada, R Tanone - Jurnal Teknik Informatika Dan …, 2019 - journal.maranatha.edu","… ini adalah aplikasi yang dibuat berupa aplikasi mobile. Data yang diambil masih menggunakan 
database lokal, dan hanya beberapa kelas dan pengguna aplikasi yang digunakan …"
Pembuatan Aplikasi Pemandu Pariwisata Berbasis Mobile Menggunakan Flutter Bagi Masyarakat Jawa Barat,"A Salim, RRA Gamawanto - TEMATIK, 2021 - jurnal.plb.ac.id","… 5) Integrasi Maps Api Dengan Aplikasi Flutter Setelah token berhasil … flutter yang sudah 
dibuat sebelumnya. Berikut adalah gambar proses intergrasi google maps api ke projek flutter: …"
Penggunaan Teknologi Flutter dalam Aplikasi Mobile untuk Pengembangan Kedai Kopi,"B Sudradjat - REMIK: Riset dan E-Jurnal Manajemen …, 2021 - jurnal.polgan.ac.id","… diskon, Merancang aplikasi mobile untuk para pelanggan … yang dimiliki, Merancang aplikasi 
mobile secara cepat dan … sebuah aplikasi mobile dengan menggunakan teknologi flutter …"
